stock_number,description,size,upc
10078,700™ PVC - REGULAR BODIED,GALLON,012181100783
10079,700™ PVC - REGULAR BODIED,QUART,012181100790
10080,700™ PVC - REGULAR BODIED,PINT,012181100806
10081,700™ PVC - REGULAR BODIED,1/2 PINT,012181100813
10082,700™ PVC - REGULAR BODIED,1/4 PINT,012181100820
10111,710™ PVC - REGULAR BODIED,GALLON,012181101117
10112,710™ PVC - REGULAR BODIED,QUART,012181101124
10113,710™ PVC - REGULAR BODIED,PINT,012181101131
10114,710™ PVC - REGULAR BODIED,1/2 PINT,012181101148
10115,710™ PVC - REGULAR BODIED,1/4 PINT,012181101155
12122,704™ PVC - MEDIUM BODIED,GALLON,012181121221
12123,704™ PVC - MEDIUM BODIED,QUART,012181121238
12124,704™ PVC - MEDIUM BODIED,PINT,012181121245
12125,704™ PVC - MEDIUM BODIED,1/2 PINT,012181121252
12126,704™ PVC - MEDIUM BODIED,1/4 PINT,012181121269
10085,705™ PVC - MEDIUM BODIED,GALLON,012181100851
10089,705™ PVC - MEDIUM BODIED,QUART,012181100899
10093,705™ PVC - MEDIUM BODIED,PINT,012181100936
10097,705™ PVC - MEDIUM BODIED,1/2 PINT,012181100974
10100,705™ PVC - MEDIUM BODIED,1/4 PINT,012181101001
10086,705™ PVC - MEDIUM BODIED,GALLON,012181100868
10090,705™ PVC - MEDIUM BODIED,QUART,012181100905
10094,705™ PVC - MEDIUM BODIED,PINT,012181100943
10098,705™ PVC - MEDIUM BODIED,1/2 PINT,012181100981
10101,705™ PVC - MEDIUM BODIED,1/4 PINT,012181101018
10160,721™ PVC - MEDIUM BODIED,GALLON,012181101605
10161,721™ PVC - MEDIUM BODIED,QUART,012181101612
10162,721™ PVC - MEDIUM BODIED,PINT,012181101629
10163,721™ PVC - MEDIUM BODIED,1/2 PINT,012181101636
10849,721™ PVC - MEDIUM BODIED,1/4 PINT,012181108499
10117,711™ PVC - HEAVY BODIED,GALLON,012181101179
10119,711™ PVC - HEAVY BODIED,QUART,012181101193
10121,711™ PVC - HEAVY BODIED,PINT,012181101216
10123,711™ PVC - HEAVY BODIED,1/2 PINT,012181101230
10141,717™ PVC - HEAVY BODIED,GALLON,012181101414
10144,717™ PVC - HEAVY BODIED,QUART,012181101445
10147,717™ PVC - HEAVY BODIED,PINT,012181101476
10150,717™ PVC - HEAVY BODIED,1/2 PINT,012181101506
10861,717™ PVC - HEAVY BODIED,1/4 PINT,012181108611
10142,717™ PVC - HEAVY BODIED,GALLON,012181101421
10145,717™ PVC - HEAVY BODIED,QUART,012181101452
10148,717™ PVC - HEAVY BODIED,PINT,012181101483
10151,717™ PVC - HEAVY BODIED,1/2 PINT,012181101513
13078,719™ PVC - EXTRA HEAVY BODIED,GALLON,012181130780
10156,719™ PVC - EXTRA HEAVY BODIED,QUART,012181101568
10155,719™ PVC - EXTRA HEAVY BODIED,GALLON,012181101551
10157,719™ PVC - EXTRA HEAVY BODIED,QUART,012181101575
10159,719™ PVC - EXTRA HEAVY BODIED,PINT,012181101599
12658,719™ PVC - EXTRA HEAVY BODIED,10.3 oz,
10164,725™ WET 'R DRY™ PVC - MEDIUM BODIED,GALLON,012181101643
10165,725™ WET 'R DRY™ PVC - MEDIUM BODIED,QUART,012181101650
10166,725™ WET 'R DRY™ PVC - MEDIUM BODIED,PINT,012181101667
10167,725™ WET 'R DRY™ PVC - MEDIUM BODIED,1/2 PINT,012181101674
10850,725™ WET 'R DRY™ PVC - MEDIUM BODIED,1/4 PINT,012181108505
10840,727™ HOT ' R COLD™ PVC - MEDIUM BODIED,GALLON,012181108406
10841,727™ HOT ' R COLD™ PVC - MEDIUM BODIED,QUART,012181108413
10842,727™ HOT ' R COLD™ PVC - MEDIUM BODIED,PINT,012181108420
12494,735™ WET 'N FAST™ PVC - MEDIUM BODIED,GALLON,012181124949
12495,735™ WET 'N FAST™ PVC - MEDIUM BODIED,QUART,012181124956
12496,735™ WET 'N FAST™ PVC - MEDIUM BODIED,PINT,012181124963
12497,735™ WET 'N FAST™ PVC - MEDIUM BODIED,1/2 PINT,012181124970
12498,735™ WET 'N FAST™ PVC - MEDIUM BODIED,1/4 PINT,012181124987
10988,737™ TURF 'N AG™ PVC - MEDIUM BODIED,GALLON,012181109885
10989,737™ TURF 'N AG™ PVC - MEDIUM BODIED,QUART,012181109892
10990,737™ TURF 'N AG™ PVC - MEDIUM BODIED,PINT,012181109908
11984,737™ TURF 'N AG™ PVC - MEDIUM BODIED,1/2 PINT,012181119846
11985,737™ TURF 'N AG™ PVC - MEDIUM BODIED,1/4 PINT,012181119853
11727,795™ PVC - MEDIUM BODIED,GALLON,012181117279
11905,795™ PVC - MEDIUM BODIED,QUART,012181119051
10278,795™ PVC - MEDIUM BODIED,GALLON,012181102787
10280,795™ PVC - MEDIUM BODIED,QUART,012181102800
10281,795™ PVC - MEDIUM BODIED,PINT,012181102817
10282,795™ PVC - MEDIUM BODIED,1/2 PINT,012181102824
10283,795™ PVC - MEDIUM BODIED,1/4 PINT,012181102831
13550,740™ POOL REGULAR PVC,GALLON,012181135501
13551,740™ POOL REGULAR PVC,QUART,012181135518
13552,740™ POOL REGULAR PVC,PINT,012181135525
13553,740™ POOL REGULAR PVC,1/2 PINT,012181135532
13554,744™ POOL MEDIUM PVC,GALLON,012181135549
13555,744™ POOL MEDIUM PVC,QUART,012181135556
13556,744™ POOL MEDIUM PVC,PINT,012181135563
13557,744™ POOL MEDIUM PVC,1/2 PINT,012181135570
13558,744™ POOL MEDIUM PVC,GALLON,012181135587
13559,744™ POOL MEDIUM PVC,QUART,012181135594
13562,746™ POOL HEAVY PVC,GALLON,012181135624
13563,746™ POOL HEAVY PVC,QUART,012181135631
13566,746™ POOL HEAVY PVC,GALLON,012181135662
13567,746™ POOL HEAVY PVC,QUART,012181135679
13568,746™ POOL HEAVY PVC,PINT,012181135686
13569,746™ POOL HEAVY PVC,1/2 PINT,012181135693
10851,747™ POOL 'R SPA™ PVC,GALLON,012181108512
10852,747™ POOL 'R SPA™ PVC,QUART,012181108529
10853,747™ POOL 'R SPA™ PVC,PINT,012181108536
10854,747™ POOL 'R SPA™ PVC,1/2 PINT,012181108543
10855,747™ POOL 'R SPA™ PVC,1/4 PINT,012181108550
13655,748™ POOL FAST™ PVC,GALLON,012181136553
13342,748™ POOL FAST™ PVC,QUART,012181133422
13343,748™ POOL FAST™ PVC,PINT,012181133439
13344,748™ POOL FAST™ PVC,1/2 PINT,012181133446
10126,713™ CPVC - REGULAR BODIED,QUART,012181101261
10127,713™ CPVC - REGULAR BODIED,PINT,012181101278
10128,713™ CPVC - REGULAR BODIED,1/2 PINT,012181101285
10129,713™ CPVC - REGULAR BODIED,1/4 PINT,012181101292
11025,FLOWGUARD GOLD® CPVC - MEDIUM BODIED,GALLON,012181110256
11026,FLOWGUARD GOLD® CPVC - MEDIUM BODIED,QUART,012181110263
11027,FLOWGUARD GOLD® CPVC - MEDIUM BODIED,PINT,012181110270
11028,FLOWGUARD GOLD® CPVC - MEDIUM BODIED,1/2 PINT,012181110287
11029,FLOWGUARD GOLD® CPVC - MEDIUM BODIED,1/4 PINT,012181110294
10131,714™ CPVC - HEAVY BODIED,QUART,012181101315
10134,714™ CPVC - HEAVY BODIED,PINT,012181101346
10130,714™ CPVC - HEAVY BODIED,GALLON,012181101308
10132,714™ CPVC - HEAVY BODIED,QUART,012181101322
10135,714™ CPVC - HEAVY BODIED,PINT,012181101353
10137,714™ CPVC - HEAVY BODIED,1/2 PINT,012181101377
12233,724™ CPVC - HEAVY BODIED,GALLON,012181122334
11659,724™ CPVC - HEAVY BODIED,QUART,012181116593
11890,724™ CPVC - HEAVY BODIED,PINT,012181118900
12817,724™ CPVC - HEAVY BODIED,GALLON,012181128176
12818,724™ CPVC - HEAVY BODIED,QUART,012181128183
13531,724™ CPVC - HEAVY BODIED,PINT,012181135310
10844,729™ CPVC - EXTRA HEAVY BODIED,GALLON,012181108444
10845,729™ CPVC - EXTRA HEAVY BODIED,QUART,012181108451
10230,771™ ABS - MEDIUM BODIED,GALLON,012181102305
10232,771™ ABS - MEDIUM BODIED,QUART,012181102329
10233,771™ ABS - MEDIUM BODIED,PINT,012181102336
10241,773™ ABS - MEDIUM BODIED,GALLON,012181102411
10243,773™ ABS - MEDIUM BODIED,QUART,012181102435
10244,773™ ABS - MEDIUM BODIED,PINT,012181102442
10245,773™ ABS - MEDIUM BODIED,1/2 PINT,012181102459
10246,773™ ABS - MEDIUM BODIED,1/4 PINT,012181147979
11248,790™ (MULTI-PURPOSE) - MEDIUM BODIED,GALLON,012181112489
10257,790™ (MULTI-PURPOSE) - MEDIUM BODIED,QUART,012181102572
10258,790™ (MULTI-PURPOSE) - MEDIUM BODIED,PINT,012181102589
10259,790™ (MULTI-PURPOSE) - MEDIUM BODIED,1/2 PINT,012181102596
10260,790™ (MULTI-PURPOSE) - MEDIUM BODIED,1/4 PINT,012181102602
10272,794™ (ABS-PVC TRANSITION) - MEDIUM BODIED,GALLON,012181102725
10273,794™ (ABS-PVC TRANSITION) - MEDIUM BODIED,QUART,012181102732
10274,794™ (ABS-PVC TRANSITION) - MEDIUM BODIED,PINT,012181102749
10275,794™ (ABS-PVC TRANSITION) - MEDIUM BODIED,1/2 PINT,012181102756
13369,794™ (ABS-PVC TRANSITION) - MEDIUM BODIED,1/4 PINT,012181133699
10207,P-68™ PRIMER,GALLON,012181102077
10209,P-68™ PRIMER,QUART,012181102091
10211,P-68™ PRIMER,PINT,012181102114
10213,P-68™ PRIMER,1/2 PINT,012181102138
10215,P-68™ PRIMER,1/4 PINT,012181102152
10208,P-68™ PRIMER,GALLON,012181102084
10210,P-68™ PRIMER,QUART,012181102107
10212,P-68™ PRIMER,PINT,012181102121
10214,P-68™ PRIMER,1/2 PINT,012181102145
10216,P-68™ PRIMER,1/4 PINT,012181102169
10220,P-70™ PRIMER,GALLON,012181102206
10222,P-70™ PRIMER,QUART,012181102220
10224,P-70™ PRIMER,PINT,012181102244
10226,P-70™ PRIMER,1/2 PINT,012181102268
10228,P-70™ PRIMER,1/4 PINT,012181102282
10221,P-70™ PRIMER,GALLON,012181102213
10223,P-70™ PRIMER,QUART,012181102237
10225,P-70™ PRIMER,PINT,012181102251
10227,P-70™ PRIMER,1/2 PINT,012181102275
10229,P-70™ PRIMER,1/4 PINT,012181102299
10247,P-75™ PRIMER,GALLON,012181102473
10248,P-75™ PRIMER,QUART,012181102480
10249,P-75™ PRIMER,PINT,012181102497
10250,P-75™ PRIMER,1/2 PINT,012181102503
12656,PC-64™ PRIMER-CONDITIONER,QUART,012181126561
10871,PC-64™ PRIMER-CONDITIONER,GALLON,012181108710
10872,PC-64™ PRIMER-CONDITIONER,QUART,012181108727
10873,PC-64™ PRIMER-CONDITIONER,PINT,012181108734
10200,C-65™ CLEANER,GALLON,012181102008
10201,C-65™ CLEANER,QUART,012181102015
10202,C-65™ CLEANER,PINT,012181102022
10203,C-65™ CLEANER,1/2 PINT,012181102039
10204,C-65™ CLEANER,1/4 PINT,012181102046
13570,POOL PRIMER,GALLON,012181135709
13571,POOL PRIMER,QUART,012181135716
13572,POOL PRIMER,PINT,012181135723
13658,POOL PRIMER,1/2 PINT,012181136584
13574,POOL PRIMER,GALLON,
13575,POOL PRIMER,QUART,012181135754
13576,POOL PRIMER,PINT,012181135761
13656,POOL PRIMER,1/2 PINT,012181136560
15917,POOL CLEANER,GALLON,
15918,POOL CLEANER,QUART,
15919,POOL CLEANER,PINT,
15920,POOL CLEANER,1/2 PINT,
14800,700ECO™ PVC - REGULAR BODIED,GALLON,012181148006
14801,700ECO™ PVC - REGULAR BODIED,QUART,012181148013
14802,700ECO™ PVC - REGULAR BODIED,PINT,012181148020
14805,705ECO™ PVC - MEDIUM BODIED,GALLON,012181148051
14806,705ECO™ PVC - MEDIUM BODIED,QUART,012181148068
14807,705ECO™ PVC - MEDIUM BODIED,PINT,012181148075
14927,721ECO™ PVC - MEDIUM BODIED,GALLON,012181149270
14928,721ECO™ PVC - MEDIUM BODIED,QUART,012181149287
14929,721ECO™ PVC - MEDIUM BODIED,PINT,012181149294
14834,711ECO™ PVC - HEAVY BODIED,GALLON,012181148341
14835,711ECO™ PVC - HEAVY BODIED,QUART,012181148358
14836,711ECO™ PVC - HEAVY BODIED,PINT,012181148365
14826,717ECO™ PVC - HEAVY BODIED,QUART,012181148266
14827,717ECO™ PVC - HEAVY BODIED,PINT,012181148273
14828,717ECO™ PVC - HEAVY BODIED,1/2 PINT,012181148280
14830,717ECO™ PVC - HEAVY BODIED,GALLON,012181148303
14831,717ECO™ PVC - HEAVY BODIED,QUART,012181148310
14832,717ECO™ PVC - HEAVY BODIED,PINT,012181148327
14849,740ECO™ PVC - POOL REGULAR,QUART,012181148495
14854,744ECO™ PVC - POOL MEDIUM,QUART,012181148549
14867,746ECO™ PVC - POOL HEAVY,QUART,012181148679
14871,748ECO™ PVC - POOL FAST,QUART,012181148716
15693,714ECO™ CPVC - HEAVY BODIED,QUART,012181156933
15694,714ECO™ CPVC - HEAVY BODIED,PINT,012181156940
15695,714ECO™ CPVC - HEAVY BODIED,QUART,012181156957
15696,714ECO™ CPVC - HEAVY BODIED,PINT,012181156964
14838,P-68 ECO™ PRIMER,GALLON,012181148389
14839,P-68 ECO™ PRIMER,QUART,012181148396
14840,P-68 ECO™ PRIMER,PINT,012181148402
14843,P-68 ECO™ PRIMER,GALLON,012181148433
14844,P-68 ECO™ PRIMER,QUART,012181148440
14845,P-68 ECO™ PRIMER,PINT,012181148457
10810,"810 TWO-COMPONENT, REACTIVE ADHESIVE",GALLON,
10811,"810 TWO-COMPONENT, REACTIVE ADHESIVE ",QUART,
10812,"810 TWO-COMPONENT, REACTIVE ADHESIVE ",PINT,
10813,"810 TWO-COMPONENT, REACTIVE ADHESIVE ",4 Oz,
10985,"811 TWO-COMPONENT, REACTIVE ADHESIVE ",470 mL,
12709,"845 TWO-COMPONENT, REACTIVE ADHESIVE - 12 PACKS",43 mL,
12759,"845 TWO-COMPONENT, REACTIVE ADHESIVE ",400 mL,
12711,"845 STARTER KIT (2 - 43 mL cartridge, 1 - dispensing gun, 6 - mixing tips)",43 mL,
14150,811 MANUAL DISPENSING GUN,-,
14080,811 STRAIGHT MIXING TIP,BAG,
12471,845 MANUAL DISPENSING GUN FOR 43 mL CARTRIDGE,-,
14077,845 MIXING TIP FOR 43 mL CARTRIDGE,BAG,
14152,845 METAL FRAME MANUAL DISPENSING GUN FOR 400 mL CARTRIDGE,-,
14040,845 MIXING TIP FOR 400 mL CARTRIDGE,BAG,
87670,ALL SEAL - MULTI-PURPOSE PIPE THREAD SEALANT,PINT,
87665,ALL SEAL - MULTI-PURPOSE PIPE THREAD SEALANT,1/2 PINT,
87660,ALL SEAL - MULTI-PURPOSE PIPE THREAD SEALANT,1/4 PINT,
87695,BLUE SEAL - INDUSTRIAL GRADE PIPE THREAD SEALANT,QUART,
87690,BLUE SEAL - INDUSTRIAL GRADE PIPE THREAD SEALANT,PINT,
87685,BLUE SEAL - INDUSTRIAL GRADE PIPE THREAD SEALANT,1/2 PINT,
87740,"WHITE SEAL PLUS - 
MULTI-PURPOSE PIPE THREAD SEALANT WITH PTFE",QUART,
87735,"WHITE SEAL PLUS - 
MULTI-PURPOSE PIPE THREAD SEALANT WITH PTFE",PINT,
87730,"WHITE SEAL PLUS - 
MULTI-PURPOSE PIPE THREAD SEALANT WITH PTFE",1/2 PINT,
87725,"WHITE SEAL PLUS - 
MULTI-PURPOSE PIPE THREAD SEALANT WITH PTFE",1/4 PINT,
10064,505 KEY TITE METAL PIPE THREAD SEALANT,PINT,012181100646
10068,505 KEY TITE METAL PIPE THREAD SEALANT,1/2 PINT,012181100684
80103,SOFT SEAL PLUMBERS PUTTY**,3 LB,
80100,SOFT SEAL PLUMBERS PUTTY,14 Oz,
84055,EPOXY PUTTY STICK,4 Oz,
81255,PIPE STICK JOINT COMPOUND,1.3 Oz,
80315,THREAD SEAL TAPE WITH PTFE,"1/2"" X 260""",
80310,THREAD SEAL TAPE WITH PTFE,"1/2"" X 520""",
87750,THREAD SEAL TAPE WITH PTFE,"3/4"" X 260""",
87755,THREAD SEAL TAPE WITH PTFE,"3/4"" X 520""",
87720,THREAD SEAL TAPE WITH PTFE,"1"" X 520""",
80320,THREAD SEAL TAPE WITH PTFE**,"1/2"" X 260""",
80325,THREAD SEAL TAPE WITH PTFE,"1/2"" X 260""",
87721,EZ FLUSH PIPE LUBRICANT,5-GALLON,
87719,EZ FLUSH PIPE LUBRICANT,GALLON,
87718,EZ FLUSH PIPE LUBRICANT,QUART,
87715,SEAL LUBE GASKET LUBRICANT,GALLON,
87710,SEAL LUBE GASKET LUBRICANT,QUART,
87705,SEAL LUBE GASKET LUBRICANT,PINT,
80427,SLIK SEAL PLUMBERS GREASE**,1 Oz,
80425,LIGHT CUTTING OIL,GALLON,
80424,LIGHT CUTTING OIL,QUART,
80421,DARK CUTTING OIL,GALLON,
80420,DARK CUTTING OIL,QUART,
81352,ACID BRUSHES,-,
81610,PREMIUM DUTY FITTING BRUSH,"½""",
81620,PREMIUM DUTY FITTING BRUSH,"¾""",
81625,PREMIUM DUTY FITTING BRUSH,"1""",
81630,PREMIUM DUTY FITTING BRUSH,"1 ¼""",
81635,PREMIUM DUTY FITTING BRUSH,"1 ½""",
81640,PREMIUM DUTY FITTING BRUSH,"2""",
87795,HEAVY DUTY WIRE HANDLE FITTING BRUSH,"½""",
87800,HEAVY DUTY WIRE HANDLE FITTING BRUSH,"¾""",
81651,COMBINATION 4-IN-1 COPPER TUBE & FITTING BRUSH,-,
81560,COPPER TUBE CLEANING BRUSH,"½""",
81565,COPPER TUBE CLEANING BRUSH,"¾""",
81400,"SAND CLOTH - 2 YARDS X 1 ½"" ","1 ½""",
81405,"SAND CLOTH - 10 YARDS X 1 ½"" ","1 ½""",
81410,"SAND CLOTH - 25 YARDS X 1 ½"" ","1 ½""",
81500,"OPEN MESH CLOTH - 5 YARDS X 1 ½"" ","1 ½""",
81505,"OPEN MESH CLOTH - 10 YARDS X 1 ½"" ","1 ½""",
80890,FLAME STOPPER TORCH PROTECTOR,"9"" X 12""",
13199,"DH-38 DAUBER - 3/8” for 
Flowguard Gold® -1/4 and 1/2 Pint**","⅜""",012181131992
10005,"DP-150 DAUBER - 1 1/2” for 
pipe diameter up to 3”","1 ½""",012181100059
10003,"DP-50 DAUBER - 3/4” for 
Flowguard Gold® - Pint","¾""",012181100035
10004,"DP-75 DAUBER - 3/4” for 
pipe diameter up to 1 1/2”","¾""",012181100042
10006,"DQ-150 DAUBER - 1 1/2” for 
pipe diameter up to 3”","1 ½""",012181100066
11831,"DQ-50 DAUBER - 1/2” for 
Flowguard Gold® - Quart","½""",012181118313
12429,"DQ-75 DAUBER - 3/4” for 
pipe diameter up to 1 1/2”","¾""",012181124291
10833,SUPERDAUBER™-150,"1 ¼""",012181108338
10832,SUPERDAUBER™-75,"¾""",012181108321
12121,PB-1 PLASTIC HANDLE BRUSH,"1""",012181121214
14108,SUPERSWAB® APPLICATOR,"4""",012181141083
14111,SUPERSWAB® APPLICATOR - BULK PACK,"4""",012181141113
14112,SUPERSWAB® - REPLACEMENT SWABS BULK PACK,"4""",012181141120
10009,4020 SWAB,"4""",012181100097
12071,5020 SWAB,"4""",012181120712
13360,8020 SWAB,"4""",012181133606
10007,3020 ROLLER,"3""",012181100073
11957,6020 ROLLER,"4""",012181119570
10008,7020 ROLLER,"7""",012181100080
14550,EASY TWIST™ CAN OPENER,-,012181145500
10010,MT-648 EMPTY METAL CAN,"Gallon w/ 2 ⅞"" neck",012181100103
10012,MT-651 EMPTY METAL CAN,"Quart w/ 1 ¾"" neck",012181100127
10014,MT-653 EMPTY METAL CAN,Quart TT (paint style cap),012181100141
10015,MT-654 EMPTY METAL CAN,"Pint w/ 1 ¾"" neck",012181100158
14147,CAN-TOTE CARRIER - 6 packs,-,012181141472
12891,CAN-TOTE CARRIER - 24 packs,-,012181128916
12816,P-0412 PIPE AND FITTING PULLER," 4"" to 12""",012181128169
12815,P1420 PIPE AND FITTING PULLER,"14"" to 20""",012181128152
12863,MPB-2000 MOUNTED POWER BEVELING TOOL,"½"" CTS to 3"" IPS",012181128633
13029,SRB-275 SHORT REPLACEMENT BLADE FOR MPB 2000,"2-3/4""",012181130292
